block,theta_train_selected,rmse_test,mean_logscore_test,boundary_hit
3,180.0,111.77287308633692,-99475.38704962788,True
4,136.7999999999999,9.893270091700563,-1438.4774215700268,False
6,180.0,14.862554141587315,-1592.4951036359964,True
7,137.49999999999986,5.099078825508912,-388.57671436177696,False
