bins,posterior_map_coarse,rmse_opt_theta,ls_opt_theta,rmse_at_17p25,rmse_min,rmse_gap_vs_posterior_map
4,25.0,0.0,0.0,19.639449199573146,19.636408742962526,0.0030404566106199127
6,20.0,0.0,0.0,21.9003401590521,21.89567613335295,0.004664025699149477
8,15.0,0.0,0.0,26.159231451912333,26.156166509322837,0.003064942589496411
