{
  "residual_metrics": {
    "block_curve_rmse_interference": 57.21811231815006,
    "block_curve_rmse_poly": 57.23529270307175,
    "mean_abs_cell_residual_interference": 0.22569999657973833,
    "mean_abs_cell_residual_poly": 0.2521892564082354,
    "high_block_final_bin_abs_residual_interference": 0.38050201018534924,
    "high_block_final_bin_abs_residual_poly": 0.476318976204265,
    "abs_residual_theta_corr_interference": 0.13006616159249462,
    "abs_residual_theta_corr_poly": 0.24035346190815352,
    "mean_wasserstein_interference": 1.0215719256018139,
    "mean_wasserstein_poly": 1.3225333638183798,
    "mean_quantile_error_interference": 0.9558026642510824,
    "mean_quantile_error_poly": 1.28333566098829,
    "mean_iqr_error_interference": 1.5241069910222713,
    "mean_iqr_error_poly": 2.0695744297231133,
    "distribution_cells_wasserstein_win": 8.0,
    "distribution_cells_quantile_win": 8.0,
    "distribution_cells_iqr_win": 8.0,
    "best_theta_block_holdout_interference": 180.0
  },
  "block_polynomial_coefficients": [
    {
      "block": 3,
      "n_curves": 141258,
      "d1_mean": -3.4561916245465185,
      "d1_sd": 5.674229712889517,
      "d2_mean": 2.3867306215444817,
      "d2_sd": 5.3073465485757705,
      "coef_norm": 4.200207566942806,
      "coef_angle_deg": 145.3723359518444
    },
    {
      "block": 4,
      "n_curves": 140027,
      "d1_mean": -0.7487054878659464,
      "d1_sd": 6.163369698227407,
      "d2_mean": 0.5044076124956891,
      "d2_sd": 5.866303637318838,
      "coef_norm": 0.9027662749040785,
      "coef_angle_deg": 146.0316022645873
    },
    {
      "block": 6,
      "n_curves": 136487,
      "d1_mean": -2.6121398639239355,
      "d1_sd": 5.845845347941865,
      "d2_mean": 1.7912329681931396,
      "d2_sd": 5.492314385690947,
      "coef_norm": 3.167300146030142,
      "coef_angle_deg": 145.5602446334523
    },
    {
      "block": 7,
      "n_curves": 135700,
      "d1_mean": -1.0393529225395393,
      "d1_sd": 6.144433469779895,
      "d2_mean": 0.6567089002118033,
      "d2_sd": 5.858455092729807,
      "coef_norm": 1.2294393344971837,
      "coef_angle_deg": 147.71350127236607
    }
  ]
}