subset,theta_mean,runtime_sec
20,87.97538278088075,305.59
50,88.1220776496438,240.97
100,94.46366632637437,272.63
