{
  "theta_map_deg":17.25,
  "se_theta_deg":0.3961843475,
  "curvature_c":-3.1854836299
}