model,elpd_waic,p_waic,se,delta_elpd_waic
poly2,-810739.7699983538,4.2095805952158116e-08,636.6847990973911,0.0
interference,-811813.9114626178,0.011882379651069641,632.8356299968748,-1074.1414642640157
exp,-918121.5388575831,1.514298677444458,660.9830551985589,-107381.76885922928
power,-927029.8578188902,4.839744249807154e-08,607.9301421197099,-116290.08782053646
